{"0": {"0": 321.191936}, "1": {"0": 1605.95968}, "2": {"0": 1788.706816}, "3": {"0": 1600.421888}, "4": {"gamma0.25-n_bottlenecks2": 834.822144, "gamma0.25-n_bottlenecks4": 1283.383296, "gamma0.25-n_bottlenecks6": 1731.944448, "gamma0.25-n_bottlenecks8": 2180.5056, "gamma0.5-n_bottlenecks2": 2594.455552, "gamma0.5-n_bottlenecks4": 4377.624576, "gamma0.5-n_bottlenecks6": 6160.7936, "gamma0.5-n_bottlenecks8": 7943.962624, "gamma0.75-n_bottlenecks2": 5284.438016, "gamma0.75-n_bottlenecks4": 9288.261632, "gamma0.75-n_bottlenecks6": 13292.085248, "gamma0.75-n_bottlenecks8": 17295.908864}, "5": {"0": 1597.652992}, "6": {"gamma0.25-n_bottlenecks2": 827.20768, "gamma0.25-n_bottlenecks4": 1272.999936, "gamma0.25-n_bottlenecks6": 1718.792192, "gamma0.25-n_bottlenecks8": 2164.584448, "gamma0.5-n_bottlenecks2": 2581.99552, "gamma0.5-n_bottlenecks4": 4359.626752, "gamma0.5-n_bottlenecks6": 6137.257984, "gamma0.5-n_bottlenecks8": 7914.889216, "gamma0.75-n_bottlenecks2": 5267.132416, "gamma0.75-n_bottlenecks4": 9262.649344, "gamma0.75-n_bottlenecks6": 13258.166272, "gamma0.75-n_bottlenecks8": 17253.6832}, "7": {"0": 1596.268544}, "8": {"gamma0.25-n_bottlenecks2": 823.400448, "gamma0.25-n_bottlenecks4": 1267.808256, "gamma0.25-n_bottlenecks6": 1712.216064, "gamma0.25-n_bottlenecks8": 2156.623872, "gamma0.5-n_bottlenecks2": 2575.765504, "gamma0.5-n_bottlenecks4": 4350.62784, "gamma0.5-n_bottlenecks6": 6125.490176, "gamma0.5-n_bottlenecks8": 7900.352512, "gamma0.75-n_bottlenecks2": 5258.479616, "gamma0.75-n_bottlenecks4": 9249.8432, "gamma0.75-n_bottlenecks6": 13241.206784, "gamma0.75-n_bottlenecks8": 17232.570368}, "9": {"0": 1595.57632}, "10": {"gamma0.25-n_bottlenecks2": 821.496832, "gamma0.25-n_bottlenecks4": 1265.212416, "gamma0.25-n_bottlenecks6": 1708.928, "gamma0.25-n_bottlenecks8": 2152.643584, "gamma0.5-n_bottlenecks2": 2572.650496, "gamma0.5-n_bottlenecks4": 4346.128384, "gamma0.5-n_bottlenecks6": 6119.606272, "gamma0.5-n_bottlenecks8": 7893.08416, "gamma0.75-n_bottlenecks2": 5254.153216, "gamma0.75-n_bottlenecks4": 9243.440128, "gamma0.75-n_bottlenecks6": 13232.72704, "gamma0.75-n_bottlenecks8": 17222.013952}, "11": {"0": 2572.823552}, "12": {"0": 44.475392}, "13": {"0": 0.346112}, "14": {"0": 177.901568}, "15": {"0": 0.0}, "16": {"gamma0.25-n_bottlenecks0": 317.903872, "gamma0.25-n_bottlenecks2": 1316.783104, "gamma0.25-n_bottlenecks4": 2315.662336, "gamma0.25-n_bottlenecks6": 3314.541568, "gamma0.5-n_bottlenecks0": 445.792256, "gamma0.5-n_bottlenecks2": 2220.654592, "gamma0.5-n_bottlenecks4": 3995.516928, "gamma0.5-n_bottlenecks6": 5770.379264, "gamma0.75-n_bottlenecks0": 584.756224, "gamma0.75-n_bottlenecks2": 3357.113344, "gamma0.75-n_bottlenecks4": 6129.470464, "gamma0.75-n_bottlenecks6": 8901.827584}, "17": {"0": 44.648448}, "18": {"0": 0.692224}, "19": {"0": 178.593792}, "20": {"0": 0.0}, "21": {"gamma0.25-n_bottlenecks0": 320.1536, "gamma0.25-n_bottlenecks2": 1321.109504, "gamma0.25-n_bottlenecks4": 2322.065408, "gamma0.25-n_bottlenecks6": 3323.021312, "gamma0.5-n_bottlenecks0": 448.561152, "gamma0.5-n_bottlenecks2": 2226.192384, "gamma0.5-n_bottlenecks4": 4003.823616, "gamma0.5-n_bottlenecks6": 5781.454848, "gamma0.75-n_bottlenecks0": 588.044288, "gamma0.75-n_bottlenecks2": 3363.862528, "gamma0.75-n_bottlenecks4": 6139.680768, "gamma0.75-n_bottlenecks6": 8915.499008}, "22": {"0": 1597.652992}, "23": {"0": 399.413248}, "24": {"0": 0.0}, "25": {"gamma0.25-n_bottlenecks0": 317.903872, "gamma0.25-n_bottlenecks2": 1316.783104, "gamma0.25-n_bottlenecks4": 2315.662336, "gamma0.25-n_bottlenecks6": 3314.541568, "gamma0.5-n_bottlenecks0": 445.792256, "gamma0.5-n_bottlenecks2": 2220.654592, "gamma0.5-n_bottlenecks4": 3995.516928, "gamma0.5-n_bottlenecks6": 5770.379264, "gamma0.75-n_bottlenecks0": 584.756224, "gamma0.75-n_bottlenecks2": 3357.113344, "gamma0.75-n_bottlenecks4": 6129.470464, "gamma0.75-n_bottlenecks6": 8901.827584}, "26": {"0": 1596.268544}, "27": {"0": 399.067136}, "28": {"0": 0.0}, "29": {"gamma0.25-n_bottlenecks0": 316.779008, "gamma0.25-n_bottlenecks2": 1314.619904, "gamma0.25-n_bottlenecks4": 2312.4608, "gamma0.25-n_bottlenecks6": 3310.301696, "gamma0.5-n_bottlenecks0": 444.407808, "gamma0.5-n_bottlenecks2": 2217.885696, "gamma0.5-n_bottlenecks4": 3991.363584, "gamma0.5-n_bottlenecks6": 5764.841472, "gamma0.75-n_bottlenecks0": 583.112192, "gamma0.75-n_bottlenecks2": 3353.738752, "gamma0.75-n_bottlenecks4": 6124.365312, "gamma0.75-n_bottlenecks6": 8894.991872}, "30": {"0": 1595.57632}, "31": {"0": 60.74705}, "flops_fixed": 18773.984554000002}