{"0": {"0": 0.000928}, "1": {"0": 0.01856}, "2": {"0": 0.020672}, "3": {"0": 0.073984}, "4": {"gamma0.25-n_bottlenecks2": 0.038592, "gamma0.25-n_bottlenecks4": 0.059328, "gamma0.25-n_bottlenecks6": 0.080064, "gamma0.25-n_bottlenecks8": 0.1008, "gamma0.5-n_bottlenecks2": 0.119936, "gamma0.5-n_bottlenecks4": 0.202368, "gamma0.5-n_bottlenecks6": 0.2848, "gamma0.5-n_bottlenecks8": 0.367232, "gamma0.75-n_bottlenecks2": 0.244288, "gamma0.75-n_bottlenecks4": 0.429376, "gamma0.75-n_bottlenecks6": 0.614464, "gamma0.75-n_bottlenecks8": 0.799552}, "5": {"0": 0.295424}, "6": {"gamma0.25-n_bottlenecks2": 0.15296, "gamma0.25-n_bottlenecks4": 0.235392, "gamma0.25-n_bottlenecks6": 0.317824, "gamma0.25-n_bottlenecks8": 0.400256, "gamma0.5-n_bottlenecks2": 0.47744, "gamma0.5-n_bottlenecks4": 0.806144, "gamma0.5-n_bottlenecks6": 1.134848, "gamma0.5-n_bottlenecks8": 1.463552, "gamma0.75-n_bottlenecks2": 0.973952, "gamma0.75-n_bottlenecks4": 1.712768, "gamma0.75-n_bottlenecks6": 2.451584, "gamma0.75-n_bottlenecks8": 3.1904}, "7": {"0": 1.180672}, "8": {"gamma0.25-n_bottlenecks2": 0.609024, "gamma0.25-n_bottlenecks4": 0.937728, "gamma0.25-n_bottlenecks6": 1.266432, "gamma0.25-n_bottlenecks8": 1.595136, "gamma0.5-n_bottlenecks2": 1.905152, "gamma0.5-n_bottlenecks4": 3.21792, "gamma0.5-n_bottlenecks6": 4.530688, "gamma0.5-n_bottlenecks8": 5.843456, "gamma0.75-n_bottlenecks2": 3.889408, "gamma0.75-n_bottlenecks4": 6.8416, "gamma0.75-n_bottlenecks6": 9.793792, "gamma0.75-n_bottlenecks8": 12.745984}, "9": {"0": 4.72064}, "10": {"gamma0.25-n_bottlenecks2": 2.430464, "gamma0.25-n_bottlenecks4": 3.743232, "gamma0.25-n_bottlenecks6": 5.056, "gamma0.25-n_bottlenecks8": 6.368768, "gamma0.5-n_bottlenecks2": 7.611392, "gamma0.5-n_bottlenecks4": 12.858368, "gamma0.5-n_bottlenecks6": 18.105344, "gamma0.5-n_bottlenecks8": 23.35232, "gamma0.75-n_bottlenecks2": 15.544832, "gamma0.75-n_bottlenecks4": 27.347456, "gamma0.75-n_bottlenecks6": 39.15008, "gamma0.75-n_bottlenecks8": 50.952704}, "11": {"0": 7.610368}, "12": {"0": 0.131584}, "13": {"0": 0.0}, "14": {"0": 0.131584}, "15": {"0": 0.0}, "16": {"gamma0.25-n_bottlenecks0": 0.235136, "gamma0.25-n_bottlenecks2": 0.973952, "gamma0.25-n_bottlenecks4": 1.712768, "gamma0.25-n_bottlenecks6": 2.451584, "gamma0.5-n_bottlenecks0": 0.329728, "gamma0.5-n_bottlenecks2": 1.642496, "gamma0.5-n_bottlenecks4": 2.955264, "gamma0.5-n_bottlenecks6": 4.268032, "gamma0.75-n_bottlenecks0": 0.432512, "gamma0.75-n_bottlenecks2": 2.483072, "gamma0.75-n_bottlenecks4": 4.533632, "gamma0.75-n_bottlenecks6": 6.584192}, "17": {"0": 0.033024}, "18": {"0": 0.0}, "19": {"0": 0.033024}, "20": {"0": 0.0}, "21": {"gamma0.25-n_bottlenecks0": 0.0592, "gamma0.25-n_bottlenecks2": 0.244288, "gamma0.25-n_bottlenecks4": 0.429376, "gamma0.25-n_bottlenecks6": 0.614464, "gamma0.5-n_bottlenecks0": 0.082944, "gamma0.5-n_bottlenecks2": 0.411648, "gamma0.5-n_bottlenecks4": 0.740352, "gamma0.5-n_bottlenecks6": 1.069056, "gamma0.75-n_bottlenecks0": 0.108736, "gamma0.75-n_bottlenecks2": 0.622016, "gamma0.75-n_bottlenecks4": 1.135296, "gamma0.75-n_bottlenecks6": 1.648576}, "22": {"0": 0.295424}, "23": {"0": 0.295424}, "24": {"0": 0.0}, "25": {"gamma0.25-n_bottlenecks0": 0.235136, "gamma0.25-n_bottlenecks2": 0.973952, "gamma0.25-n_bottlenecks4": 1.712768, "gamma0.25-n_bottlenecks6": 2.451584, "gamma0.5-n_bottlenecks0": 0.329728, "gamma0.5-n_bottlenecks2": 1.642496, "gamma0.5-n_bottlenecks4": 2.955264, "gamma0.5-n_bottlenecks6": 4.268032, "gamma0.75-n_bottlenecks0": 0.432512, "gamma0.75-n_bottlenecks2": 2.483072, "gamma0.75-n_bottlenecks4": 4.533632, "gamma0.75-n_bottlenecks6": 6.584192}, "26": {"0": 1.180672}, "27": {"0": 1.180672}, "28": {"0": 0.0}, "29": {"gamma0.25-n_bottlenecks0": 0.937216, "gamma0.25-n_bottlenecks2": 3.889408, "gamma0.25-n_bottlenecks4": 6.8416, "gamma0.25-n_bottlenecks6": 9.793792, "gamma0.5-n_bottlenecks0": 1.314816, "gamma0.5-n_bottlenecks2": 6.561792, "gamma0.5-n_bottlenecks4": 11.808768, "gamma0.5-n_bottlenecks6": 17.055744, "gamma0.75-n_bottlenecks0": 1.725184, "gamma0.75-n_bottlenecks2": 9.922304, "gamma0.75-n_bottlenecks4": 18.119424, "gamma0.75-n_bottlenecks6": 26.316544}, "30": {"0": 4.72064}, "31": {"0": 0.134625}, "params_fixed": 22.057921000000004}