{"0": {"0": 321.191936}, "1": {"0": 1605.95968}, "2": {"gamma0.25-n_bottlenecks1": 623.0016, "gamma0.25-n_bottlenecks3": 1077.100544, "gamma0.25-n_bottlenecks7": 1985.298432, "gamma0.25-n_bottlenecks15": 3801.694208, "gamma0.5-n_bottlenecks1": 1722.253312, "gamma0.5-n_bottlenecks3": 3516.49792, "gamma0.5-n_bottlenecks7": 7104.987136, "gamma0.5-n_bottlenecks15": 14281.965568, "gamma0.75-n_bottlenecks1": 3308.83072, "gamma0.75-n_bottlenecks3": 7329.267712, "gamma0.75-n_bottlenecks7": 15370.141696, "gamma0.75-n_bottlenecks15": 31451.889664}, "3": {"0": 1600.421888}, "4": {"gamma0.25-n_bottlenecks1": 610.541568, "gamma0.25-n_bottlenecks3": 1059.10272, "gamma0.25-n_bottlenecks7": 1956.225024, "gamma0.25-n_bottlenecks15": 3750.469632, "gamma0.5-n_bottlenecks1": 1702.87104, "gamma0.5-n_bottlenecks3": 3486.040064, "gamma0.5-n_bottlenecks7": 7052.378112, "gamma0.5-n_bottlenecks15": 14185.054208, "gamma0.75-n_bottlenecks1": 3282.526208, "gamma0.75-n_bottlenecks3": 7286.349824, "gamma0.75-n_bottlenecks7": 15293.997056, "gamma0.75-n_bottlenecks15": 31309.29152}, "5": {"0": 1597.652992}, "6": {"gamma0.25-n_bottlenecks1": 604.311552, "gamma0.25-n_bottlenecks3": 1050.103808, "gamma0.25-n_bottlenecks7": 1941.68832, "gamma0.25-n_bottlenecks15": 3724.857344, "gamma0.5-n_bottlenecks1": 1693.179904, "gamma0.5-n_bottlenecks3": 3470.811136, "gamma0.5-n_bottlenecks7": 7026.0736, "gamma0.5-n_bottlenecks15": 14136.598528, "gamma0.75-n_bottlenecks1": 3269.373952, "gamma0.75-n_bottlenecks3": 7264.89088, "gamma0.75-n_bottlenecks7": 15255.924736, "gamma0.75-n_bottlenecks15": 31237.992448}, "7": {"0": 1596.268544}, "8": {"gamma0.25-n_bottlenecks1": 601.196544, "gamma0.25-n_bottlenecks3": 1045.604352, "gamma0.25-n_bottlenecks7": 1934.419968, "gamma0.25-n_bottlenecks15": 3712.0512, "gamma0.5-n_bottlenecks1": 1688.334336, "gamma0.5-n_bottlenecks3": 3463.196672, "gamma0.5-n_bottlenecks7": 7012.921344, "gamma0.5-n_bottlenecks15": 14112.370688, "gamma0.75-n_bottlenecks1": 3262.797824, "gamma0.75-n_bottlenecks3": 7254.161408, "gamma0.75-n_bottlenecks7": 15236.888576, "gamma0.75-n_bottlenecks15": 31202.342912}, "9": {"0": 1595.57632}, "10": {"gamma0.25-n_bottlenecks1": 599.63904, "gamma0.25-n_bottlenecks3": 1043.354624, "gamma0.25-n_bottlenecks7": 1930.785792, "gamma0.25-n_bottlenecks15": 3705.648128, "gamma0.5-n_bottlenecks1": 1685.911552, "gamma0.5-n_bottlenecks3": 3459.38944, "gamma0.5-n_bottlenecks7": 7006.345216, "gamma0.5-n_bottlenecks15": 14100.256768, "gamma0.75-n_bottlenecks1": 3259.50976, "gamma0.75-n_bottlenecks3": 7248.796672, "gamma0.75-n_bottlenecks7": 15227.370496, "gamma0.75-n_bottlenecks15": 31184.518144}, "11": {"0": 2572.823552}, "12": {"0": 44.475392}, "13": {"0": 0.346112}, "14": {"0": 177.901568}, "15": {"0": 0}, "16": {"gamma0.25-n_bottlenecks0": 317.903872, "gamma0.25-n_bottlenecks3": 1816.22272, "gamma0.25-n_bottlenecks6": 3314.541568, "gamma0.25-n_bottlenecks9": 4812.860416, "gamma0.5-n_bottlenecks0": 445.792256, "gamma0.5-n_bottlenecks3": 3108.08576, "gamma0.5-n_bottlenecks6": 5770.379264, "gamma0.5-n_bottlenecks9": 8432.672768, "gamma0.75-n_bottlenecks0": 584.756224, "gamma0.75-n_bottlenecks3": 4743.291904, "gamma0.75-n_bottlenecks6": 8901.827584, "gamma0.75-n_bottlenecks9": 13060.363264}, "17": {"0": 44.648448}, "18": {"0": 0.692224}, "19": {"0": 178.593792}, "20": {"0": 0}, "21": {"gamma0.25-n_bottlenecks0": 320.1536, "gamma0.25-n_bottlenecks3": 1821.587456, "gamma0.25-n_bottlenecks6": 3323.021312, "gamma0.25-n_bottlenecks9": 4824.455168, "gamma0.5-n_bottlenecks0": 448.561152, "gamma0.5-n_bottlenecks3": 3115.008, "gamma0.5-n_bottlenecks6": 5781.454848, "gamma0.5-n_bottlenecks9": 8447.901696, "gamma0.75-n_bottlenecks0": 588.044288, "gamma0.75-n_bottlenecks3": 4751.771648, "gamma0.75-n_bottlenecks6": 8915.499008, "gamma0.75-n_bottlenecks9": 13079.226368}, "22": {"0": 1597.652992}, "23": {"0": 399.413248}, "24": {"0": 0}, "25": {"gamma0.25-n_bottlenecks0": 317.903872, "gamma0.25-n_bottlenecks3": 1816.22272, "gamma0.25-n_bottlenecks6": 3314.541568, "gamma0.25-n_bottlenecks9": 4812.860416, "gamma0.5-n_bottlenecks0": 445.792256, "gamma0.5-n_bottlenecks3": 3108.08576, "gamma0.5-n_bottlenecks6": 5770.379264, "gamma0.5-n_bottlenecks9": 8432.672768, "gamma0.75-n_bottlenecks0": 584.756224, "gamma0.75-n_bottlenecks3": 4743.291904, "gamma0.75-n_bottlenecks6": 8901.827584, "gamma0.75-n_bottlenecks9": 13060.363264}, "26": {"0": 1596.268544}, "27": {"0": 399.067136}, "28": {"0": 0}, "29": {"gamma0.25-n_bottlenecks0": 316.779008, "gamma0.25-n_bottlenecks3": 1813.540352, "gamma0.25-n_bottlenecks6": 3310.301696, "gamma0.25-n_bottlenecks9": 4807.06304, "gamma0.5-n_bottlenecks0": 444.407808, "gamma0.5-n_bottlenecks3": 3104.62464, "gamma0.5-n_bottlenecks6": 5764.841472, "gamma0.5-n_bottlenecks9": 8425.058304, "gamma0.75-n_bottlenecks0": 583.112192, "gamma0.75-n_bottlenecks3": 4739.052032, "gamma0.75-n_bottlenecks6": 8894.991872, "gamma0.75-n_bottlenecks9": 13050.931712}, "30": {"0": 1595.57632}, "31": {"0": 275.3866266666667}, "flops_fixed": 17199.917314666665, "flops_dynamic": 208636.91929600004, "flops_supernet": 225836.8366106667, "largest_arch": 225836.8366106666, "smallest_arch": 21511.347970666666, "model_config": "./config/model/Search-YOLOv4-P5.yaml"}