{"0": {"0": 0.000928}, "1": {"0": 0.01856}, "2": {"gamma0.25-n_bottlenecks3": 0.012448, "gamma0.5-n_bottlenecks3": 0.04064, "gamma0.75-n_bottlenecks3": 0.084704}, "3": {"0": 0.073984}, "4": {"gamma0.25-n_bottlenecks3": 0.04896, "gamma0.5-n_bottlenecks3": 0.161152, "gamma0.75-n_bottlenecks3": 0.336832}, "5": {"0": 0.295424}, "6": {"gamma0.25-n_bottlenecks3": 0.194176, "gamma0.5-n_bottlenecks3": 0.641792, "gamma0.75-n_bottlenecks3": 1.34336}, "7": {"0": 1.180672}, "8": {"gamma0.25-n_bottlenecks3": 0.773376, "gamma0.5-n_bottlenecks3": 2.561536, "gamma0.75-n_bottlenecks3": 5.365504}, "9": {"0": 4.72064}, "10": {"gamma0.25-n_bottlenecks3": 3.086848, "gamma0.5-n_bottlenecks3": 10.23488, "gamma0.75-n_bottlenecks3": 21.446144}, "11": {"0": 7.610368}, "12": {"0": 0.131584}, "13": {"0": 0.0}, "14": {"0": 0.131584}, "15": {"0": 0}, "16": {"gamma0.25-n_bottlenecks3": 1.34336, "gamma0.5-n_bottlenecks3": 2.29888, "gamma0.75-n_bottlenecks3": 3.508352}, "17": {"0": 0.033024}, "18": {"0": 0.0}, "19": {"0": 0.033024}, "20": {"0": 0}, "21": {"gamma0.25-n_bottlenecks3": 0.336832, "gamma0.5-n_bottlenecks3": 0.576, "gamma0.75-n_bottlenecks3": 0.878656}, "22": {"0": 0.295424}, "23": {"0": 0.295424}, "24": {"0": 0}, "25": {"gamma0.25-n_bottlenecks3": 1.34336, "gamma0.5-n_bottlenecks3": 2.29888, "gamma0.75-n_bottlenecks3": 3.508352}, "26": {"0": 1.180672}, "27": {"0": 1.180672}, "28": {"0": 0}, "29": {"gamma0.25-n_bottlenecks3": 5.365504, "gamma0.5-n_bottlenecks3": 9.18528, "gamma0.75-n_bottlenecks3": 14.020864}, "30": {"0": 4.72064}, "31": {"0": 0.6103}, "params_fixed": 22.512924, "params_dynamic": 50.492768, "params_supernet": 73.005692, "largest_arch": 73.005692, "smallest_arch": 35.01778800000002, "model_config": "./config/model/Search-YOLOv4-P5-fixDepth.yaml"}