{"0": {"0": 0.000928}, "1": {"0": 0.01856}, "2": {"gamma0.5-n_bottlenecks1": 0.019904, "gamma0.5-n_bottlenecks3": 0.04064, "gamma0.5-n_bottlenecks7": 0.082112, "gamma0.5-n_bottlenecks15": 0.165056}, "3": {"0": 0.073984}, "4": {"gamma0.5-n_bottlenecks1": 0.07872, "gamma0.5-n_bottlenecks3": 0.161152, "gamma0.5-n_bottlenecks7": 0.326016, "gamma0.5-n_bottlenecks15": 0.655744}, "5": {"0": 0.295424}, "6": {"gamma0.5-n_bottlenecks1": 0.313088, "gamma0.5-n_bottlenecks3": 0.641792, "gamma0.5-n_bottlenecks7": 1.2992, "gamma0.5-n_bottlenecks15": 2.614016}, "7": {"0": 1.180672}, "8": {"gamma0.5-n_bottlenecks1": 1.248768, "gamma0.5-n_bottlenecks3": 2.561536, "gamma0.5-n_bottlenecks7": 5.187072, "gamma0.5-n_bottlenecks15": 10.438144}, "9": {"0": 4.72064}, "10": {"gamma0.5-n_bottlenecks1": 4.987904, "gamma0.5-n_bottlenecks3": 10.23488, "gamma0.5-n_bottlenecks7": 20.728832, "gamma0.5-n_bottlenecks15": 41.716736}, "11": {"0": 7.610368}, "12": {"0": 0.131584}, "13": {"0": 0.0}, "14": {"0": 0.131584}, "15": {"0": 0}, "16": {"gamma0.5-n_bottlenecks0": 0.329728, "gamma0.5-n_bottlenecks3": 2.29888, "gamma0.5-n_bottlenecks6": 4.268032, "gamma0.5-n_bottlenecks9": 6.237184}, "17": {"0": 0.033024}, "18": {"0": 0.0}, "19": {"0": 0.033024}, "20": {"0": 0}, "21": {"gamma0.5-n_bottlenecks0": 0.082944, "gamma0.5-n_bottlenecks3": 0.576, "gamma0.5-n_bottlenecks6": 1.069056, "gamma0.5-n_bottlenecks9": 1.562112}, "22": {"0": 0.295424}, "23": {"0": 0.295424}, "24": {"0": 0}, "25": {"gamma0.5-n_bottlenecks0": 0.329728, "gamma0.5-n_bottlenecks3": 2.29888, "gamma0.5-n_bottlenecks6": 4.268032, "gamma0.5-n_bottlenecks9": 6.237184}, "26": {"0": 1.180672}, "27": {"0": 1.180672}, "28": {"0": 0}, "29": {"gamma0.5-n_bottlenecks0": 1.314816, "gamma0.5-n_bottlenecks3": 9.18528, "gamma0.5-n_bottlenecks6": 17.055744, "gamma0.5-n_bottlenecks9": 24.926208}, "30": {"0": 4.72064}, "31": {"0": 0.1795}, "params_fixed": 22.082124000000004, "params_dynamic": 94.552384, "params_supernet": 116.63450800000001, "largest_arch": 116.634508, "smallest_arch": 30.787724000000008, "model_config": "./config/model/Search-YOLOv4-P5-exp.yaml"}