{"0": {"0": 321.191936}, "1": {"0": 1605.95968}, "2": {"gamma0.25-n_bottlenecks3": 1077.100544, "gamma0.5-n_bottlenecks3": 3516.49792, "gamma0.75-n_bottlenecks3": 7329.267712}, "3": {"0": 1600.421888}, "4": {"gamma0.25-n_bottlenecks3": 1059.10272, "gamma0.5-n_bottlenecks3": 3486.040064, "gamma0.75-n_bottlenecks3": 7286.349824}, "5": {"0": 1597.652992}, "6": {"gamma0.25-n_bottlenecks3": 1050.103808, "gamma0.5-n_bottlenecks3": 3470.811136, "gamma0.75-n_bottlenecks3": 7264.89088}, "7": {"0": 1596.268544}, "8": {"gamma0.25-n_bottlenecks3": 1045.604352, "gamma0.5-n_bottlenecks3": 3463.196672, "gamma0.75-n_bottlenecks3": 7254.161408}, "9": {"0": 1595.57632}, "10": {"gamma0.25-n_bottlenecks3": 1043.354624, "gamma0.5-n_bottlenecks3": 3459.38944, "gamma0.75-n_bottlenecks3": 7248.796672}, "11": {"0": 2572.823552}, "12": {"0": 44.475392}, "13": {"0": 0.346112}, "14": {"0": 177.901568}, "15": {"0": 0}, "16": {"gamma0.25-n_bottlenecks3": 1816.22272, "gamma0.5-n_bottlenecks3": 3108.08576, "gamma0.75-n_bottlenecks3": 4743.291904}, "17": {"0": 44.648448}, "18": {"0": 0.692224}, "19": {"0": 178.593792}, "20": {"0": 0}, "21": {"gamma0.25-n_bottlenecks3": 1821.587456, "gamma0.5-n_bottlenecks3": 3115.008, "gamma0.75-n_bottlenecks3": 4751.771648}, "22": {"0": 1597.652992}, "23": {"0": 399.413248}, "24": {"0": 0}, "25": {"gamma0.25-n_bottlenecks3": 1816.22272, "gamma0.5-n_bottlenecks3": 3108.08576, "gamma0.75-n_bottlenecks3": 4743.291904}, "26": {"0": 1596.268544}, "27": {"0": 399.067136}, "28": {"0": 0}, "29": {"gamma0.25-n_bottlenecks3": 1813.540352, "gamma0.5-n_bottlenecks3": 3104.62464, "gamma0.75-n_bottlenecks3": 4739.052032}, "30": {"0": 1595.57632}, "31": {"0": 275.3866266666667}, "flops_fixed": 17199.917314666665, "flops_dynamic": 55360.873984, "flops_supernet": 72560.79129866666, "largest_arch": 72560.79129866665, "smallest_arch": 29742.75661066667, "model_config": "./config/model/Search-YOLOv4-P5-fixDepth.yaml"}