{"0": {"0": 321.191936}, "1": {"0": 1605.95968}, "2": {"gamma0.5-n_bottlenecks1": 1722.253312, "gamma0.5-n_bottlenecks3": 3516.49792, "gamma0.5-n_bottlenecks7": 7104.987136, "gamma0.5-n_bottlenecks15": 14281.965568}, "3": {"0": 1600.421888}, "4": {"gamma0.5-n_bottlenecks1": 1702.87104, "gamma0.5-n_bottlenecks3": 3486.040064, "gamma0.5-n_bottlenecks7": 7052.378112, "gamma0.5-n_bottlenecks15": 14185.054208}, "5": {"0": 1597.652992}, "6": {"gamma0.5-n_bottlenecks1": 1693.179904, "gamma0.5-n_bottlenecks3": 3470.811136, "gamma0.5-n_bottlenecks7": 7026.0736, "gamma0.5-n_bottlenecks15": 14136.598528}, "7": {"0": 1596.268544}, "8": {"gamma0.5-n_bottlenecks1": 1688.334336, "gamma0.5-n_bottlenecks3": 3463.196672, "gamma0.5-n_bottlenecks7": 7012.921344, "gamma0.5-n_bottlenecks15": 14112.370688}, "9": {"0": 1595.57632}, "10": {"gamma0.5-n_bottlenecks1": 1685.911552, "gamma0.5-n_bottlenecks3": 3459.38944, "gamma0.5-n_bottlenecks7": 7006.345216, "gamma0.5-n_bottlenecks15": 14100.256768}, "11": {"0": 2572.823552}, "12": {"0": 44.475392}, "13": {"0": 0.346112}, "14": {"0": 177.901568}, "15": {"0": 0}, "16": {"gamma0.5-n_bottlenecks0": 445.792256, "gamma0.5-n_bottlenecks3": 3108.08576, "gamma0.5-n_bottlenecks6": 5770.379264, "gamma0.5-n_bottlenecks9": 8432.672768}, "17": {"0": 44.648448}, "18": {"0": 0.692224}, "19": {"0": 178.593792}, "20": {"0": 0}, "21": {"gamma0.5-n_bottlenecks0": 448.561152, "gamma0.5-n_bottlenecks3": 3115.008, "gamma0.5-n_bottlenecks6": 5781.454848, "gamma0.5-n_bottlenecks9": 8447.901696}, "22": {"0": 1597.652992}, "23": {"0": 399.413248}, "24": {"0": 0}, "25": {"gamma0.5-n_bottlenecks0": 445.792256, "gamma0.5-n_bottlenecks3": 3108.08576, "gamma0.5-n_bottlenecks6": 5770.379264, "gamma0.5-n_bottlenecks9": 8432.672768}, "26": {"0": 1596.268544}, "27": {"0": 399.067136}, "28": {"0": 0}, "29": {"gamma0.5-n_bottlenecks0": 444.407808, "gamma0.5-n_bottlenecks3": 3104.62464, "gamma0.5-n_bottlenecks6": 5764.841472, "gamma0.5-n_bottlenecks9": 8425.058304}, "30": {"0": 1595.57632}, "31": {"0": 80.99606666666668}, "flops_fixed": 17005.526754666666, "flops_dynamic": 104554.55129600002, "flops_supernet": 121560.07805066669, "largest_arch": 121560.07805066669, "smallest_arch": 27282.63037066667, "model_config": "./config/model/Search-YOLOv4-P5-exp.yaml"}