{"0": {"0": 0.000928}, "1": {"0": 0.01856}, "2": {"gamma0.25-n_bottlenecks1": 0.0072, "gamma0.25-n_bottlenecks3": 0.012448, "gamma0.25-n_bottlenecks7": 0.022944, "gamma0.25-n_bottlenecks15": 0.043936, "gamma0.5-n_bottlenecks1": 0.019904, "gamma0.5-n_bottlenecks3": 0.04064, "gamma0.5-n_bottlenecks7": 0.082112, "gamma0.5-n_bottlenecks15": 0.165056, "gamma0.75-n_bottlenecks1": 0.03824, "gamma0.75-n_bottlenecks3": 0.084704, "gamma0.75-n_bottlenecks7": 0.177632, "gamma0.75-n_bottlenecks15": 0.363488}, "3": {"0": 0.073984}, "4": {"gamma0.25-n_bottlenecks1": 0.028224, "gamma0.25-n_bottlenecks3": 0.04896, "gamma0.25-n_bottlenecks7": 0.090432, "gamma0.25-n_bottlenecks15": 0.173376, "gamma0.5-n_bottlenecks1": 0.07872, "gamma0.5-n_bottlenecks3": 0.161152, "gamma0.5-n_bottlenecks7": 0.326016, "gamma0.5-n_bottlenecks15": 0.655744, "gamma0.75-n_bottlenecks1": 0.151744, "gamma0.75-n_bottlenecks3": 0.336832, "gamma0.75-n_bottlenecks7": 0.707008, "gamma0.75-n_bottlenecks15": 1.44736}, "5": {"0": 0.295424}, "6": {"gamma0.25-n_bottlenecks1": 0.111744, "gamma0.25-n_bottlenecks3": 0.194176, "gamma0.25-n_bottlenecks7": 0.35904, "gamma0.25-n_bottlenecks15": 0.688768, "gamma0.5-n_bottlenecks1": 0.313088, "gamma0.5-n_bottlenecks3": 0.641792, "gamma0.5-n_bottlenecks7": 1.2992, "gamma0.5-n_bottlenecks15": 2.614016, "gamma0.75-n_bottlenecks1": 0.604544, "gamma0.75-n_bottlenecks3": 1.34336, "gamma0.75-n_bottlenecks7": 2.820992, "gamma0.75-n_bottlenecks15": 5.776256}, "7": {"0": 1.180672}, "8": {"gamma0.25-n_bottlenecks1": 0.444672, "gamma0.25-n_bottlenecks3": 0.773376, "gamma0.25-n_bottlenecks7": 1.430784, "gamma0.25-n_bottlenecks15": 2.7456, "gamma0.5-n_bottlenecks1": 1.248768, "gamma0.5-n_bottlenecks3": 2.561536, "gamma0.5-n_bottlenecks7": 5.187072, "gamma0.5-n_bottlenecks15": 10.438144, "gamma0.75-n_bottlenecks1": 2.413312, "gamma0.75-n_bottlenecks3": 5.365504, "gamma0.75-n_bottlenecks7": 11.269888, "gamma0.75-n_bottlenecks15": 23.078656}, "9": {"0": 4.72064}, "10": {"gamma0.25-n_bottlenecks1": 1.77408, "gamma0.25-n_bottlenecks3": 3.086848, "gamma0.25-n_bottlenecks7": 5.712384, "gamma0.25-n_bottlenecks15": 10.963456, "gamma0.5-n_bottlenecks1": 4.987904, "gamma0.5-n_bottlenecks3": 10.23488, "gamma0.5-n_bottlenecks7": 20.728832, "gamma0.5-n_bottlenecks15": 41.716736, "gamma0.75-n_bottlenecks1": 9.64352, "gamma0.75-n_bottlenecks3": 21.446144, "gamma0.75-n_bottlenecks7": 45.051392, "gamma0.75-n_bottlenecks15": 92.261888}, "11": {"0": 7.610368}, "12": {"0": 0.131584}, "13": {"0": 0.0}, "14": {"0": 0.131584}, "15": {"0": 0}, "16": {"gamma0.25-n_bottlenecks0": 0.235136, "gamma0.25-n_bottlenecks3": 1.34336, "gamma0.25-n_bottlenecks6": 2.451584, "gamma0.25-n_bottlenecks9": 3.559808, "gamma0.5-n_bottlenecks0": 0.329728, "gamma0.5-n_bottlenecks3": 2.29888, "gamma0.5-n_bottlenecks6": 4.268032, "gamma0.5-n_bottlenecks9": 6.237184, "gamma0.75-n_bottlenecks0": 0.432512, "gamma0.75-n_bottlenecks3": 3.508352, "gamma0.75-n_bottlenecks6": 6.584192, "gamma0.75-n_bottlenecks9": 9.660032}, "17": {"0": 0.033024}, "18": {"0": 0.0}, "19": {"0": 0.033024}, "20": {"0": 0}, "21": {"gamma0.25-n_bottlenecks0": 0.0592, "gamma0.25-n_bottlenecks3": 0.336832, "gamma0.25-n_bottlenecks6": 0.614464, "gamma0.25-n_bottlenecks9": 0.892096, "gamma0.5-n_bottlenecks0": 0.082944, "gamma0.5-n_bottlenecks3": 0.576, "gamma0.5-n_bottlenecks6": 1.069056, "gamma0.5-n_bottlenecks9": 1.562112, "gamma0.75-n_bottlenecks0": 0.108736, "gamma0.75-n_bottlenecks3": 0.878656, "gamma0.75-n_bottlenecks6": 1.648576, "gamma0.75-n_bottlenecks9": 2.418496}, "22": {"0": 0.295424}, "23": {"0": 0.295424}, "24": {"0": 0}, "25": {"gamma0.25-n_bottlenecks0": 0.235136, "gamma0.25-n_bottlenecks3": 1.34336, "gamma0.25-n_bottlenecks6": 2.451584, "gamma0.25-n_bottlenecks9": 3.559808, "gamma0.5-n_bottlenecks0": 0.329728, "gamma0.5-n_bottlenecks3": 2.29888, "gamma0.5-n_bottlenecks6": 4.268032, "gamma0.5-n_bottlenecks9": 6.237184, "gamma0.75-n_bottlenecks0": 0.432512, "gamma0.75-n_bottlenecks3": 3.508352, "gamma0.75-n_bottlenecks6": 6.584192, "gamma0.75-n_bottlenecks9": 9.660032}, "26": {"0": 1.180672}, "27": {"0": 1.180672}, "28": {"0": 0}, "29": {"gamma0.25-n_bottlenecks0": 0.937216, "gamma0.25-n_bottlenecks3": 5.365504, "gamma0.25-n_bottlenecks6": 9.793792, "gamma0.25-n_bottlenecks9": 14.22208, "gamma0.5-n_bottlenecks0": 1.314816, "gamma0.5-n_bottlenecks3": 9.18528, "gamma0.5-n_bottlenecks6": 17.055744, "gamma0.5-n_bottlenecks9": 24.926208, "gamma0.75-n_bottlenecks0": 1.725184, "gamma0.75-n_bottlenecks3": 14.020864, "gamma0.75-n_bottlenecks6": 26.316544, "gamma0.75-n_bottlenecks9": 38.612224}, "30": {"0": 4.72064}, "31": {"0": 0.6103}, "params_fixed": 22.512924, "params_dynamic": 183.278432, "params_supernet": 205.791356, "largest_arch": 205.79135599999998, "smallest_arch": 26.345532000000006, "model_config": "./config/model/Search-YOLOv4-P5.yaml"}